<?xml version="1.0" encoding="UTF-8"?>
<project-private xmlns="http://www.netbeans.org/ns/project-private/1">
    <editor-bookmarks xmlns="http://www.netbeans.org/ns/editor-bookmarks/2" lastBookmarkId="0"/>
    <open-files xmlns="http://www.netbeans.org/ns/projectui-open-files/2">
        <group>
            <file>file:/Users/AJAberdein/Desktop/AJsWebsite/src/java/winkel/business/LineItem.java</file>
            <file>file:/Users/AJAberdein/Desktop/AJsWebsite/src/java/winkel/controllers/OrderController.java</file>
            <file>file:/Users/AJAberdein/Desktop/AJsWebsite/src/java/winkel/controllers/CatalogController.java</file>
            <file>file:/Users/AJAberdein/Desktop/AJsWebsite/web/webpages/user.jsp</file>
            <file>file:/Users/AJAberdein/Desktop/AJsWebsite/web/webpages/invoice.jsp</file>
            <file>file:/Users/AJAberdein/Desktop/AJsWebsite/web/catalog/SD01/index.jsp</file>
        </group>
    </open-files>
</project-private>
